Date,Name,Year,Letterboxd URI
2022-08-09,Everything Everywhere All at Once,2022,https://boxd.it/jUk4
2022-08-09,American Psycho,2000,https://boxd.it/28Vs
2022-08-09,The Shawshank Redemption,1994,https://boxd.it/2aHi
2022-08-09,The Truman Show,1998,https://boxd.it/18U8
2022-08-09,RRR,2022,https://boxd.it/ljDs
2022-08-09,Raiders of the Lost Ark,1981,https://boxd.it/2bbs
2022-08-09,The Matrix,1999,https://boxd.it/2a1m
2022-08-09,Donnie Darko,2001,https://boxd.it/2b2A
2022-08-09,Deadpool 2,2018,https://boxd.it/dlLM
2022-08-09,Shutter Island,2010,https://boxd.it/1U82
2022-08-09,Se7en,1995,https://boxd.it/29zs
2022-08-09,Moon Knight,2022,https://boxd.it/zeDq
2022-08-09,The Dark Knight Rises,2012,https://boxd.it/H3m
2022-08-09,Loki,2021,https://boxd.it/sbHg
2022-08-09,Prisoners,2013,https://boxd.it/4E5i
2022-08-09,Deadpool,2016,https://boxd.it/9fOC
2022-08-09,The Dark Knight,2008,https://boxd.it/2b0k
2022-08-09,Forrest Gump,1994,https://boxd.it/728
2022-08-09,Fight Club,1999,https://boxd.it/2a9q
2022-08-09,Inception,2010,https://boxd.it/1skk
2022-08-09,Memento,2000,https://boxd.it/2bcK
2022-08-09,Avengers: Infinity War,2018,https://boxd.it/9vEe
2022-08-09,Spider-Man: Into the Spider-Verse,2018,https://boxd.it/azpY
2022-08-09,Joker,2019,https://boxd.it/h4cS
2022-08-09,Toy Story,1995,https://boxd.it/29qA
2022-08-09,Avengers: Endgame,2019,https://boxd.it/9vE4
2022-08-09,Toy Story 3,2010,https://boxd.it/1WRe
2022-08-09,3 Idiots,2009,https://boxd.it/1Dsa
2022-08-09,Doctor Strange,2016,https://boxd.it/8MH8
2022-08-09,Fantastic Beasts: The Secrets of Dumbledore,2022,https://boxd.it/bg8Q
2022-08-09,Indiana Jones and the Last Crusade,1989,https://boxd.it/2baO
2022-08-09,Like Stars on Earth,2007,https://boxd.it/20SA
2022-08-09,Batman Begins,2005,https://boxd.it/2aIg
2022-08-09,Dangal,2016,https://boxd.it/chfU
2022-08-09,Spider-Man: No Way Home,2021,https://boxd.it/nwRw
2022-08-09,The Wolf of Wall Street,2013,https://boxd.it/3C1m
2022-08-09,Catch Me If You Can,2002,https://boxd.it/29VS
2022-08-09,Harry Potter and the Deathly Hallows: Part 2,2011,https://boxd.it/1RYk
2022-08-09,Pirates of the Caribbean: The Curse of the Black Pearl,2003,https://boxd.it/70G
2022-08-09,Jai Bhim,2021,https://boxd.it/wj82
2022-08-09,Life of Pi,2012,https://boxd.it/37pC
2022-08-09,Interstellar: Nolan's Odyssey,2014,https://boxd.it/9BDG
2022-08-09,Interstellar,2014,https://boxd.it/4VZ8
2022-08-09,Tenet,2020,https://boxd.it/leq4
2022-08-09,Once Upon a Time... in Hollywood,2019,https://boxd.it/gH0O
2022-08-09,Don't Look Up,2021,https://boxd.it/o0Hc
2022-08-09,Titanic,1997,https://boxd.it/2a2k
2022-08-09,The Departed,2006,https://boxd.it/28MA
2022-08-09,The Great Gatsby,2013,https://boxd.it/JY
2022-08-09,Black Panther,2018,https://boxd.it/8MHs
2022-08-09,Guardians of the Galaxy,2014,https://boxd.it/3VH2
2022-08-09,Thor: Ragnarok,2017,https://boxd.it/8MHi
2022-08-09,Spider-Man: Homecoming,2017,https://boxd.it/aboM
2022-08-09,Spider-Man: Far From Home,2019,https://boxd.it/fegG
2022-08-09,Doctor Strange in the Multiverse of Madness,2022,https://boxd.it/gaTc
2022-08-09,The Avengers,2012,https://boxd.it/1xFW
2022-08-09,Captain America: Civil War,2016,https://boxd.it/89Ja
2022-08-09,Guardians of the Galaxy Vol. 2,2017,https://boxd.it/8MxC
2022-08-09,Iron Man,2008,https://boxd.it/28dA
2022-08-09,Captain America: The Winter Soldier,2014,https://boxd.it/3r58
2022-08-09,Shang-Chi and the Legend of the Ten Rings,2021,https://boxd.it/kLDI
2022-08-09,Avengers: Age of Ultron,2015,https://boxd.it/3qi6
2022-08-09,Ant-Man,2015,https://boxd.it/3vmW
2022-08-09,Captain America: The First Avenger,2011,https://boxd.it/28b0
2022-08-09,Iron Man 3,2013,https://boxd.it/2cBQ
2022-08-09,Spider-Man 3,2007,https://boxd.it/2a7Y
2022-08-09,Ant-Man and the Wasp,2018,https://boxd.it/cqUW
2022-08-09,Thor: The Dark World,2013,https://boxd.it/2DqA
2022-08-09,WandaVision,2021,https://boxd.it/sbGW
2022-08-09,Hawkeye,2021,https://boxd.it/xQqK
2022-08-09,Ms. Marvel,2022,https://boxd.it/ANCY
2022-08-09,The Amazing Spider-Man 2,2014,https://boxd.it/3utM
2022-08-09,Spider-Man,2002,https://boxd.it/2a8i
2022-08-09,Spider-Man 2,2004,https://boxd.it/2a88
2022-08-09,The Amazing Spider-Man,2012,https://boxd.it/27PI
2022-08-09,Phineas and Ferb: Mission Marvel,2013,https://boxd.it/8MDq
2022-08-09,1: Nenokkadine,2014,https://boxd.it/7jOs
2022-08-09,Bharat Ane Nenu,2018,https://boxd.it/i7KA
2022-08-09,Spyder,2017,https://boxd.it/g8vW
2022-08-09,Athadu,2005,https://boxd.it/18T0
2022-08-09,Maharshi,2019,https://boxd.it/jKog
2022-08-09,Pokiri,2006,https://boxd.it/1ziK
2022-08-09,Businessman,2012,https://boxd.it/2WYm
2022-08-09,Khaleja,2010,https://boxd.it/nKK
2022-08-09,Dookudu,2011,https://boxd.it/2N9E
2022-08-09,Seethamma Vakitlo Sirimalle Chettu,2013,https://boxd.it/5PiO
2022-08-09,Okkadu,2003,https://boxd.it/3iHC
2022-08-09,Baadshah,2013,https://boxd.it/5xu8
2022-08-09,Murari,2001,https://boxd.it/32tk
2022-08-09,Athidhi,2007,https://boxd.it/nJ8
2022-08-09,Nijam,2003,https://boxd.it/6EBi
2022-08-09,Takkari Donga,2002,https://boxd.it/2TNU
2022-08-09,Yuvaraju,2000,https://boxd.it/6Q7E
2022-08-09,Vamsi,2000,https://boxd.it/8GYW
2022-08-09,Koduku Diddina Kapuram,1989,https://boxd.it/Bkvw
2022-08-09,Major,2022,https://boxd.it/mkWM
2022-08-09,Aravindha Sametha,2018,https://boxd.it/jsaU
2022-08-09,Yamadonga,2007,https://boxd.it/2FcU
2022-08-09,Nannaku Prematho...,2016,https://boxd.it/cDnG
2022-08-09,Temper,2015,https://boxd.it/aC9a
2022-08-09,Brindavanam,2010,https://boxd.it/nLo
2022-08-09,Jai Lava Kusa,2017,https://boxd.it/3tnS
2022-08-09,Adhurs,2010,https://boxd.it/15sq
2022-08-09,Oosaravelli,2011,https://boxd.it/2N8Q
2022-08-09,Ramayya Vasthavayya,2013,https://boxd.it/6HMy
2022-08-09,Rakhi,2006,https://boxd.it/2PoQ
2022-08-09,Ala Vaikunthapurramuloo,2020,https://boxd.it/ngUk
2022-08-09,Magadheera,2009,https://boxd.it/1yMa
2022-08-09,Jathi Ratnalu,2021,https://boxd.it/tXxq
2022-08-09,Bheemla Nayak,2022,https://boxd.it/uzR4
2022-08-09,Son of Satyamurthy,2015,https://boxd.it/b0uw
2022-08-09,Race Gurram,2014,https://boxd.it/7N6A
2022-08-09,Manam,2014,https://boxd.it/7rrw
2022-08-09,Aarya 2,2009,https://boxd.it/1djG
2022-08-09,DJ: Duvvada Jagannadham,2017,https://boxd.it/fMIu
2022-08-09,Bommarillu,2006,https://boxd.it/1iG6
2022-08-09,Vedam,2010,https://boxd.it/3myk
2022-08-09,Julayi,2012,https://boxd.it/48eC
2022-08-09,Mirchi,2013,https://boxd.it/5pUW
2022-08-09,Vikramarkudu,2006,https://boxd.it/10Ec
2022-08-09,Sarrainodu,2016,https://boxd.it/d1BC
2022-08-09,Atharintiki Daaredi,2013,https://boxd.it/6Dmw
2022-08-09,Jalsa,2008,https://boxd.it/2vs4
2022-08-09,Maragadha Naanayam,2017,https://boxd.it/ewXQ
2022-08-09,Nuvvu Naaku Nachav,2001,https://boxd.it/2SGe
2022-08-09,Orange,2010,https://boxd.it/m0c
2022-08-09,Mr. Perfect,2011,https://boxd.it/8ZA
2022-08-09,Kick,2009,https://boxd.it/f8y
2022-08-09,Aadavaallu Meeku Johaarlu,2022,https://boxd.it/xxRC
2022-08-09,Manmadhudu,2002,https://boxd.it/2PKs
2022-08-09,Gabbar Singh,2012,https://boxd.it/3KKu
2022-08-09,Power,2014,https://boxd.it/9aJ8
2022-08-09,Gaganam,2011,https://boxd.it/hkw
2022-08-09,Malliswari,2004,https://boxd.it/2PKC
2022-08-09,Ready,2008,https://boxd.it/2vrq
2022-08-09,Konchem Ishtam Konchem Kashtam,2009,https://boxd.it/32tO
2022-08-09,Venky,2004,https://boxd.it/2mGG
2022-08-09,Neninthe,2008,https://boxd.it/4qcO
2022-08-09,Thammudu,1999,https://boxd.it/60VW
2022-08-09,Daruvu,2012,https://boxd.it/4OEM
2022-08-09,Endukante Premanta,2012,https://boxd.it/4Q18
2022-08-09,Dhee,2007,https://boxd.it/15zQ
2022-08-09,Subramanyam For Sale,2015,https://boxd.it/d8bm
2022-08-09,Josh,2009,https://boxd.it/2tEs
2022-08-09,Chintakayala Ravi,2008,https://boxd.it/1B7O
2022-08-09,Dohchay,2015,https://boxd.it/b8GK
2022-08-09,Okkadunnadu,2007,https://boxd.it/4qbw
2022-08-09,Krishna,2008,https://boxd.it/2Pno
2022-08-09,Namo Venkatesa,2010,https://boxd.it/3iPc
2022-08-09,Gangotri,2003,https://boxd.it/3TnY
2022-08-09,Loukyam,2014,https://boxd.it/9lZ2
2022-08-09,Jai Chiranjeeva,2005,https://boxd.it/3U3U
2022-08-09,Raja,1999,https://boxd.it/80OK
2022-08-09,Santosham,2002,https://boxd.it/uCe
2022-08-09,Sudigaadu,2012,https://boxd.it/4TwI
2022-08-09,Lakshmi,2006,https://boxd.it/2F3I
2022-08-09,Anjaneyulu,2009,https://boxd.it/1yMu
2022-08-09,Autonagar Surya,2014,https://boxd.it/7rBw
2022-08-09,Kalisundam Raa,2000,https://boxd.it/2PBg
2022-08-09,Katha Screenplay Darsakatvam Appalaraju,2011,https://boxd.it/2Uno
2022-08-09,Ullasanga Utsahanga,2008,https://boxd.it/2TOe
2022-08-09,Seema Tapakai,2011,https://boxd.it/2uKG
2022-08-09,Eeshwar,2002,https://boxd.it/3Tp6
2022-08-09,Blade Babji,2008,https://boxd.it/2Poc
2022-08-09,Choodalani Vundi,1998,https://boxd.it/7Z6s
2022-08-09,Kuselan,2008,https://boxd.it/1S8k
2022-08-09,Shirdi Sai,2012,https://boxd.it/4rcq
2022-08-09,Money,1993,https://boxd.it/4iwm
2022-08-09,Prema Kavali,2011,https://boxd.it/3prG
2022-08-09,Seema Sastri,2007,https://boxd.it/2SSk
2022-08-09,Mahatma,2009,https://boxd.it/4pT8
2022-08-09,Pedarayudu,1995,https://boxd.it/2JNK
2022-08-09,Evadi Gola Vadide,2005,https://boxd.it/9ug6
2022-08-09,Ela Cheppanu,2003,https://boxd.it/3ToW
2022-08-09,Money Money,1995,https://boxd.it/ebhY
2022-08-09,Sundara Kanda,1992,https://boxd.it/8y0u
2022-08-09,Ammo Bomma,2001,https://boxd.it/zgby
2022-08-09,Mayabazar,1957,https://boxd.it/4XfG
2022-08-09,Bāhubali 2: The Conclusion,2017,https://boxd.it/bMfO
2022-08-09,Eega,2012,https://boxd.it/4HhQ
2022-08-09,Ninnu Kori,2017,https://boxd.it/gEcW
2022-08-09,C/o Kancharapalem,2018,https://boxd.it/jSlk
2022-08-09,Rangasthalam,2018,https://boxd.it/gu8K
2022-08-09,RX 100,2018,https://boxd.it/juhI
2022-08-09,Shyam Singha Roy,2021,https://boxd.it/u62G
2022-08-09,Free Guy,2021,https://boxd.it/k8dm
2022-08-09,The Adam Project,2022,https://boxd.it/q2Dg
2022-08-09,Ishq,2012,https://boxd.it/3hQo
2022-08-09,Bheeshma,2020,https://boxd.it/p8Qy
2022-08-09,A Aa,2016,https://boxd.it/cVkA
2022-08-09,Sye,2004,https://boxd.it/36Ka
2022-08-09,Rudhramadevi,2015,https://boxd.it/a9Zm
2022-08-09,Iddarammayilatho,2013,https://boxd.it/5XOo
2022-08-09,Happy,2006,https://boxd.it/2PBU
2022-08-09,Darling,2010,https://boxd.it/8TM
2022-08-09,Narappa,2021,https://boxd.it/oPbw
2022-08-09,Drushyam 2,2021,https://boxd.it/vZzC
2022-08-09,Drushyam,2014,https://boxd.it/8xUQ
2022-08-09,Premam,2016,https://boxd.it/epDE
2022-08-09,Gopala Gopala,2015,https://boxd.it/8xUG
2022-08-09,Gharshana,2004,https://boxd.it/6mm
2022-08-09,Devi Putrudu,2001,https://boxd.it/8xX6
2022-08-09,Surya Vamsham,1998,https://boxd.it/8xY4
2022-08-09,Ganesh,1998,https://boxd.it/1yN8
2022-08-09,Intlo Illalu Vantintlo Priyuralu,1996,https://boxd.it/8xYS
2022-08-09,Fidaa,2017,https://boxd.it/gKvK
2022-08-09,Kanche,2015,https://boxd.it/cCgE
2022-08-09,Geetha Govindam,2018,https://boxd.it/jHkg
2022-08-09,Pelli Choopulu,2016,https://boxd.it/dM0o
2022-08-09,Ee Nagaraniki Emaindi?,2018,https://boxd.it/jnYq
2022-08-09,Yevade Subramanyam,2015,https://boxd.it/aXTy
2022-08-09,Life Is Beautiful,2012,https://boxd.it/4Tx2
2022-08-09,Maryada Ramanna,2010,https://boxd.it/tuI
2022-08-09,Raja the Great,2017,https://boxd.it/girA
2022-08-09,Dubai Seenu,2007,https://boxd.it/2Piy
2022-08-09,Khadgam,2002,https://boxd.it/2PAC
2022-08-09,Shambo Shiva Shambo,2010,https://boxd.it/9SrM
2022-08-09,Naa Autograph,2004,https://boxd.it/9Rvo
2022-08-09,Bhageeratha,2005,https://boxd.it/6GhY
2022-08-09,Naandhi,2021,https://boxd.it/u1FS
2022-08-09,Kithakithalu,2006,https://boxd.it/a0Ro
2022-08-09,Yamudiki Mogudu,2012,https://boxd.it/5VEc
2022-08-09,Kevvu Keka,2013,https://boxd.it/6Fqg
2022-08-09,Kathi Kanta Rao,2010,https://boxd.it/2H8q
2022-08-09,Dongala Bandi,2008,https://boxd.it/9Rti
2022-08-09,Party,2006,https://boxd.it/es8a
2022-08-09,Jump Jilani,2014,https://boxd.it/eWH0
2022-08-09,Nenu,2004,https://boxd.it/wMTQ
2022-08-09,Happy Days,2007,https://boxd.it/5ZVc
2022-08-09,Karthikeya,2014,https://boxd.it/9xug
2022-08-09,Swamy Ra Ra,2013,https://boxd.it/5xtY
2022-08-09,Keshava,2017,https://boxd.it/gmmu
2022-08-09,Surya Vs Surya,2015,https://boxd.it/aXTI
2022-08-09,Vikram,2022,https://boxd.it/rUJa
2022-08-09,Super Deluxe,2019,https://boxd.it/fjRW
2022-08-09,Joji,2021,https://boxd.it/tMgS
2022-08-09,Bangalore Days,2014,https://boxd.it/82ZA
2022-08-09,Thondimuthalum Driksakshiyum,2017,https://boxd.it/grc0
2022-08-09,Njan Prakashan,2018,https://boxd.it/kG0c
2022-08-09,Varathan,2018,https://boxd.it/jTP6
2022-08-09,Velaikkaran,2017,https://boxd.it/giem
2022-08-09,Nuvvostanante Nenoddantana,2005,https://boxd.it/2zyq
2022-08-09,Chitralahari,2019,https://boxd.it/lIOg
2022-08-09,Krishna Gaadi Veera Prema Gaadha,2016,https://boxd.it/doCo
2022-08-09,O Kadhal Kanmani,2015,https://boxd.it/aM7I
2022-08-09,Ustad Hotel,2012,https://boxd.it/3UNy
2022-08-09,Kannum Kannum Kollaiyadithaal,2020,https://boxd.it/iij6
2022-08-09,Solo,2017,https://boxd.it/grbc
2022-08-09,Kali,2016,https://boxd.it/dEZo
2022-08-09,Pushpaka Vimanam,2021,https://boxd.it/x92U
2022-08-09,Oy!,2009,https://boxd.it/35lo
2022-08-09,Tagore,2003,https://boxd.it/3mya
2022-08-09,Sontham,2002,https://boxd.it/2TCC
2022-08-09,Manasantha Nuvve,2001,https://boxd.it/2Fdo
2022-08-09,Nuvve Kavali,2000,https://boxd.it/2SBo
2022-08-09,Nuvvu Nenu,2001,https://boxd.it/9RxE
2022-08-09,Bhale Dongalu,2008,https://boxd.it/3NWe
2022-08-09,Enthiran,2010,https://boxd.it/4Hgo
2022-08-09,Sivaji: The Boss,2007,https://boxd.it/1yq4
2022-08-09,Nightcrawler,2014,https://boxd.it/780m
2022-08-09,Zodiac,2007,https://boxd.it/27MO
2022-08-09,Enemy,2013,https://boxd.it/5xtO
2022-08-09,Source Code,2011,https://boxd.it/fdo
2022-08-09,Ante... Sundaraniki!,2022,https://boxd.it/vu0w
2022-08-09,DJ Tillu,2022,https://boxd.it/zkBU
2022-08-09,Family Drama,2021,https://boxd.it/xEhc
2022-08-09,Republic,2021,https://boxd.it/x2b6
2022-08-09,Love Story,2021,https://boxd.it/oIb0
2022-08-09,Raja Raja Chora,2021,https://boxd.it/udD0
2022-08-09,HIT: The First Case,2020,https://boxd.it/pifM
2022-08-09,Mathu Vadalara,2019,https://boxd.it/osXW
2022-08-09,Evvarikee Cheppoddu,2019,https://boxd.it/nFjS
2022-08-09,Evaru,2019,https://boxd.it/mq76
2022-08-09,Brochevarevarura,2019,https://boxd.it/mBiE
2022-08-09,Jersey,2019,https://boxd.it/lQjU
2022-08-09,Majili,2019,https://boxd.it/kZ6y
2022-08-09,Veera Bhoga Vasantha Rayalu,2018,https://boxd.it/knVy
2022-08-09,Devadas,2018,https://boxd.it/k7Kk
2022-08-09,Paper Boy,2018,https://boxd.it/jJry
2022-08-09,Goodachari,2018,https://boxd.it/jGLg
2022-08-09,Mental Madhilo,2017,https://boxd.it/hJV0
2022-08-09,Napoleon,2017,https://boxd.it/i6bY
2022-08-09,PSV Garuda Vega,2017,https://boxd.it/hqq8
2022-08-09,Mahanubhavudu,2017,https://boxd.it/hbVA
2022-08-09,Appatlo Okadundevadu,2016,https://boxd.it/fpBq
2022-08-09,Saahasam Swaasaga Saagipo,2016,https://boxd.it/dVek
2022-08-09,Dhruva,2016,https://boxd.it/etYQ
2022-08-09,Jyo Achyutananda,2016,https://boxd.it/eKZQ
2022-08-09,Manamantha,2016,https://boxd.it/esLw
2022-08-09,Gentleman,2016,https://boxd.it/e23e
2022-08-09,Supreme,2016,https://boxd.it/dSm6
2022-08-09,Kshanam,2016,https://boxd.it/dtxo
2022-08-09,Express Raja,2016,https://boxd.it/daTg
2022-08-09,Kumari 21F,2015,https://boxd.it/cPvW
2022-08-09,Raju Gari Gadhi,2015,https://boxd.it/ddbc
2022-08-09,Bhale Bhale Magadivoy,2015,https://boxd.it/cJD6
2022-08-09,Malli Malli Idhi Rani Roju,2015,https://boxd.it/aDao
2022-08-09,Pilla Nuvvu Leni Jeevitham,2014,https://boxd.it/9Gj2
2022-08-09,Run Raja Run,2014,https://boxd.it/8OFy
2022-08-09,Oohalu Gusagusalade,2014,https://boxd.it/8Dxo
2022-08-09,Uyyala Jampala,2013,https://boxd.it/7g76
2022-08-09,Thuppakki,2012,https://boxd.it/4yY2
2022-08-09,Kaththi,2014,https://boxd.it/7Q9W
2022-08-09,Nanban,2012,https://boxd.it/2hYK
2022-08-09,Soorarai Pottru,2020,https://boxd.it/lWrq
2022-08-09,Rocketry: The Nambi Effect,2022,https://boxd.it/mqrq
2022-08-09,24,2016,https://boxd.it/cKPi
2022-08-09,Vaaranam Aayiram,2008,https://boxd.it/15yo
2022-08-09,Ghajini,2005,https://boxd.it/2hIM
2022-08-09,Ayan,2009,https://boxd.it/1E94
2022-08-09,Ko,2011,https://boxd.it/6p6
2022-08-09,Singam,2010,https://boxd.it/axI
2022-08-09,7Aum Arivu,2011,https://boxd.it/357Q
2022-08-09,Si 3,2017,https://boxd.it/d5cm
2022-08-09,Singam 2,2013,https://boxd.it/5N2a
2022-08-09,Maattrraan,2012,https://boxd.it/4tIe
2022-08-09,Rakht Charitra,2010,https://boxd.it/H32
2022-08-09,Pasanga 2,2015,https://boxd.it/cBag
2022-08-09,Rakht Charitra 2,2010,https://boxd.it/2j8w
2022-08-13,Buried,2010,https://boxd.it/1tXC
2022-08-21,Gone Girl,2014,https://boxd.it/6hQu
2022-08-21,The Social Network,2010,https://boxd.it/17ue
2022-08-21,The Usual Suspects,1995,https://boxd.it/29XE
2022-08-23,Darlings,2022,https://boxd.it/uaH4
2022-09-03,Get Out,2017,https://boxd.it/eOCm
2022-09-12,Thallumaala,2022,https://boxd.it/wDmy
2022-09-12,Kanam,2022,https://boxd.it/xxZG
2022-09-12,Sita Ramam,2022,https://boxd.it/xO2c
2022-09-12,Karthikeya 2,2022,https://boxd.it/xNX2
2022-10-05,The Martian,2015,https://boxd.it/8SeG
2023-02-25,The Machinist,2004,https://boxd.it/248c
2023-02-25,The Sixth Sense,1999,https://boxd.it/29Js
2023-02-25,The Godfather,1972,https://boxd.it/2aNK
2023-02-25,Collateral,2004,https://boxd.it/28F0
2023-02-25,Her,2013,https://boxd.it/4O24
2023-02-25,The Age of Adaline,2015,https://boxd.it/9ghu
2023-02-25,Ford v Ferrari,2019,https://boxd.it/ce74
2023-02-25,The Tomorrow War,2021,https://boxd.it/lE78
2023-02-25,Glass Onion,2022,https://boxd.it/oCkK
2023-02-25,Avatar: The Way of Water,2022,https://boxd.it/2E2E
2023-02-25,Man of Steel,2013,https://boxd.it/FRk
2023-02-25,It,2017,https://boxd.it/bC8e
2023-02-25,Nobody,2021,https://boxd.it/mLqS
2023-02-25,Love & Other Drugs,2010,https://boxd.it/UIi
2023-03-09,Harry Potter and the Prisoner of Azkaban,2004,https://boxd.it/29Qy
2023-03-09,Harry Potter and the Philosopher's Stone,2001,https://boxd.it/29QS
2023-03-09,Harry Potter and the Goblet of Fire,2005,https://boxd.it/29Qo
2023-03-09,Harry Potter and the Chamber of Secrets,2002,https://boxd.it/29QI
2023-03-09,Harry Potter and the Order of the Phoenix,2007,https://boxd.it/29Qe
2023-03-09,Harry Potter and the Half-Blood Prince,2009,https://boxd.it/29FU
2023-03-09,Harry Potter and the Deathly Hallows: Part 1,2010,https://boxd.it/1RYu
2023-03-09,Fantastic Beasts and Where to Find Them,2016,https://boxd.it/7FPC
2023-03-09,Fantastic Beasts: The Crimes of Grindelwald,2018,https://boxd.it/bg8G
2023-03-09,The Ghazi Attack,2017,https://boxd.it/fJu0
2023-03-09,Indra,2002,https://boxd.it/1uVW
2023-03-09,Shankar Dada MBBS,2004,https://boxd.it/4Iam
2023-03-09,Chantabbai,1986,https://boxd.it/8xAm
2023-03-09,Swayamkrushi,1987,https://boxd.it/8xA2
2023-03-09,Anji,2004,https://boxd.it/3PYG
2023-03-09,Pasivadi Pranam,1987,https://boxd.it/8xze
2023-03-09,Veta,1986,https://boxd.it/8xAQ
2023-03-09,Khushi,2001,https://boxd.it/2PAi
2023-03-09,Engeyum Eppodhum,2011,https://boxd.it/2L7Q
2023-03-09,Prasthanam,2010,https://boxd.it/yM8
2023-03-09,Ranarangam,2019,https://boxd.it/mBUy
2023-03-09,Sardar Udham,2021,https://boxd.it/m5kS
2023-03-09,My Name Is Khan,2010,https://boxd.it/1uD4
2023-03-09,Chennai Express,2013,https://boxd.it/69tM
2023-03-09,Rab Ne Bana Di Jodi,2008,https://boxd.it/1OOG
2023-03-09,HIT: The 2nd Case,2022,https://boxd.it/uzQq
2023-03-09,Mahaan,2022,https://boxd.it/uhxK
2023-03-09,Doctor,2021,https://boxd.it/p5Ps
2023-03-09,Lift,2021,https://boxd.it/xcnQ
2023-03-09,Forensic,2020,https://boxd.it/pe54
2023-03-09,Dil Bechara,2020,https://boxd.it/nYrQ
2023-03-09,Helen,2019,https://boxd.it/nKg0
2023-03-09,Kaithi,2019,https://boxd.it/lBLY
2023-03-09,Jiivi,2019,https://boxd.it/my4u
2023-03-09,Knives Out,2019,https://boxd.it/jWEA
2023-03-09,Chhichhore,2019,https://boxd.it/lZOW
2023-03-09,Agent Sai Srinivasa Athreya,2019,https://boxd.it/mygg
2023-03-09,Bell Bottom,2019,https://boxd.it/lvuM
2023-03-09,K.G.F: Chapter 1,2018,https://boxd.it/kGf2
2023-03-09,Andhadhun,2018,https://boxd.it/jtfc
2023-03-09,Vada Chennai,2018,https://boxd.it/esfK
2023-03-09,96,2018,https://boxd.it/fHYM
2023-03-09,Tumbbad,2018,https://boxd.it/jDZk
2023-03-09,Theeran Adhigaaram Ondru,2017,https://boxd.it/ghV0
2023-03-09,Maayavan,2017,https://boxd.it/eoPY
2023-03-09,Vikram Vedha,2017,https://boxd.it/fkaY
2023-03-09,Pirates of the Caribbean: Dead Men Tell No Tales,2017,https://boxd.it/5a9m
2023-03-09,Pirates of the Caribbean: Dead Man's Chest,2006,https://boxd.it/2bfk
2023-03-09,Pirates of the Caribbean: At World's End,2007,https://boxd.it/2aGu
2023-03-09,Thupparivaalan,2017,https://boxd.it/esI8
2023-03-09,Maanagaram,2017,https://boxd.it/ewN2
2023-03-09,Dhuruvangal Pathinaaru,2016,https://boxd.it/eCLG
2023-03-09,PK,2014,https://boxd.it/9q1G
2023-03-09,Chatrapathi,2005,https://boxd.it/2KOa
2023-03-09,Sasirekha Parinayam,2009,https://boxd.it/17rO
2023-03-09,Ala Modalaindi,2011,https://boxd.it/nHG
2023-03-09,Yamudiki Mogudu,1988,https://boxd.it/8wYi
2023-03-09,Nene Raju Nene Mantri,2017,https://boxd.it/gt30
2023-03-09,Ye Maaya Chesave,2010,https://boxd.it/8Rw
2023-03-09,Padamati Sandhya Ragam,1987,https://boxd.it/e8FS
2023-03-09,Aditya 369,1991,https://boxd.it/8ChY
2023-03-09,Nuvve... Nuvve...,2002,https://boxd.it/2SEC
2023-03-09,Raja Rani,2013,https://boxd.it/6DKS
2023-03-09,Malli Raava,2017,https://boxd.it/hJNU
2023-03-09,Abhiyum Naanum,2008,https://boxd.it/11l6
2023-03-09,Sardar,2022,https://boxd.it/wpuI
2023-03-09,"Monica, O My Darling",2022,https://boxd.it/yuuM
2023-03-09,Badhaai Do,2022,https://boxd.it/sl1E
2023-03-09,Chup,2022,https://boxd.it/xl3U
2023-03-09,Thiruchitrambalam,2022,https://boxd.it/wptK
2023-03-09,Jana Gana Mana,2022,https://boxd.it/tOpC
2023-03-09,Jaya Jaya Jaya Jaya Hey,2022,https://boxd.it/z60K
2023-03-09,Gangubai Kathiawadi,2022,https://boxd.it/oJek
2023-03-09,Maanaadu,2021,https://boxd.it/ju24
2023-03-09,Red,2021,https://boxd.it/pqdu
2023-03-09,Play Back,2021,https://boxd.it/ueZ2
2023-03-09,Thimmarusu: Assignment Vali,2021,https://boxd.it/uj70
2023-03-09,A1 Express,2021,https://boxd.it/u73q
2023-03-09,Master,2021,https://boxd.it/nbII
2023-03-09,Uppena,2021,https://boxd.it/moEM
2023-03-09,Kapatadhaari,2021,https://boxd.it/tLE0
2023-03-09,Ek Mini Katha,2021,https://boxd.it/vqsw
2023-03-09,Vivaha Bhojanambu,2021,https://boxd.it/e8GQ
2023-03-09,Maa Oori Polimera,2021,https://boxd.it/ypou
2023-03-09,Ninnila Ninnila,2021,https://boxd.it/smfM
2023-03-09,Dia,2020,https://boxd.it/p23g
2023-03-09,Mukundan Unni Associates™,2022,https://boxd.it/xcWQ
2023-03-09,An Action Hero,2022,https://boxd.it/xk3Y
2023-03-09,Love Today,2022,https://boxd.it/D3KI
2023-03-09,777 Charlie,2022,https://boxd.it/nw1g
2023-03-09,Don,2022,https://boxd.it/xOoC
2023-03-09,K.G.F: Chapter 2,2022,https://boxd.it/lCgM
2023-03-09,Hridayam,2022,https://boxd.it/ohO0
2023-03-09,Mudhal Nee Mudivum Nee,2022,https://boxd.it/wzhk
2023-03-09,Andhaghaaram,2020,https://boxd.it/swim
2023-03-09,Middle Class Melodies,2020,https://boxd.it/sMiM
2023-03-09,O Pitta Katha,2020,https://boxd.it/pqZy
2023-03-09,Oh My Kadavule,2020,https://boxd.it/npg4
2023-03-09,Ayyappanum Koshiyum,2020,https://boxd.it/otGi
2023-03-09,Thambi,2019,https://boxd.it/o6pe
2023-03-09,Raja Vaaru Rani Gaaru,2019,https://boxd.it/mQ9s
2023-03-09,George Reddy,2019,https://boxd.it/oa0W
2023-03-09,Android Kunjappan Version 5.25,2019,https://boxd.it/o2mU
2023-03-09,Rakshasudu,2019,https://boxd.it/mo0s
2023-03-09,Kolaigaran,2019,https://boxd.it/lBfe
2023-03-09,Lucifer,2019,https://boxd.it/kHxw
2023-03-09,Yatra,2019,https://boxd.it/iWfy
2023-03-09,Hushaaru,2018,https://boxd.it/kIue
2023-03-09,Savyasachi,2018,https://boxd.it/jx72
2023-03-09,Ratsasan,2018,https://boxd.it/eyFu
2023-03-09,Bhale Manchi Chowka Beram,2018,https://boxd.it/kfp0
2023-03-09,Neevevaro,2018,https://boxd.it/jRUy
2023-03-10,Trance,2020,https://boxd.it/lIWO
2023-03-10,Hero,2019,https://boxd.it/mPDm
2023-03-10,Senapathi,2021,https://boxd.it/yskU
2023-03-10,Shankam,2009,https://boxd.it/1yMO
2023-03-10,Souryam,2008,https://boxd.it/2mCk
2023-03-10,Shiva,1990,https://boxd.it/3FX4
2023-03-10,Ranam,2006,https://boxd.it/2P9w
2023-03-10,Andhrudu,2005,https://boxd.it/2P18
2023-03-10,Yagnam,2004,https://boxd.it/2SSE
2023-03-10,Style,2006,https://boxd.it/6EBM
2023-03-10,Ontari,2008,https://boxd.it/4qbm
2023-03-10,Arundhati,2009,https://boxd.it/1iFW
2023-03-10,Golimaar,2010,https://boxd.it/6T6
2023-03-10,Sahasam,2013,https://boxd.it/6eDs
2023-03-10,Jayam,2002,https://boxd.it/6Hqi
2023-03-10,Prema Katha Chitram,2013,https://boxd.it/61QS
2023-03-10,Wanted,2011,https://boxd.it/84He
2023-03-10,Lakshmi Raave Maa Intiki,2014,https://boxd.it/aS5S
2023-03-10,Sri Anjaneyam,2004,https://boxd.it/80W
2023-03-10,Sri Rama Rajyam,2011,https://boxd.it/3iXK
2023-03-10,Goutham Nanda,2017,https://boxd.it/gF1g
2023-03-10,Krishnarjuna Yudham,2018,https://boxd.it/i4r6
2023-03-10,Anando Brahma,2017,https://boxd.it/gU5W
2023-03-10,Needi Naadi Oke Katha,2018,https://boxd.it/iBTi
2023-03-10,Jil,2015,https://boxd.it/aXmE
2023-03-10,Majnu,2016,https://boxd.it/epDu
2023-03-10,Bheemili Kabaddi Jattu,2010,https://boxd.it/61he
2023-03-10,Ashta Chamma,2008,https://boxd.it/2PeQ
2023-03-10,Nenu Local,2017,https://boxd.it/fBb0
2023-03-10,100% Love,2011,https://boxd.it/8Zg
2023-03-10,Nenu.. Sailaja...,2016,https://boxd.it/d6EG
2023-03-10,Chalo,2018,https://boxd.it/i2PA
2023-03-10,Hyper,2016,https://boxd.it/eOfC
2023-03-13,Rajendrudu Gajendrudu,1993,https://boxd.it/kdNY
2023-03-13,3,2012,https://boxd.it/2M0G
2023-03-13,Siva,1989,https://boxd.it/bYhW
2023-03-13,Venkatadri Express,2013,https://boxd.it/77uK
2023-03-13,Shamantakamani,2017,https://boxd.it/gIPI
2023-03-13,Oxygen,2017,https://boxd.it/hlGq
2023-03-29,Dada,2023,https://boxd.it/AtFy
2023-03-29,Aquaman,2018,https://boxd.it/9ru0
2023-03-29,Indiana Jones and the Temple of Doom,1984,https://boxd.it/2bb8
2023-03-29,John Wick: Chapter 2,2017,https://boxd.it/ayGu
2023-03-29,Baby Driver,2017,https://boxd.it/bhF2
2023-03-29,Batman v Superman: Dawn of Justice,2016,https://boxd.it/6fBW
2023-03-29,Wonder Woman,2017,https://boxd.it/9roG
2023-03-29,The Whale,2022,https://boxd.it/tw4c
2023-03-29,The Menu,2022,https://boxd.it/lScm
2023-03-29,No Country for Old Men,2007,https://boxd.it/21ew
2023-03-29,La La Land,2016,https://boxd.it/a5fa
2023-03-29,Django Unchained,2012,https://boxd.it/2cCk
2023-03-29,Taxi Driver,1976,https://boxd.it/2b8y
2023-03-29,Good Will Hunting,1997,https://boxd.it/2ahY
2023-03-29,(500) Days of Summer,2009,https://boxd.it/1EmM
2023-03-29,Dead Poets Society,1989,https://boxd.it/2aSg
2023-03-30,Zack Snyder's Justice League,2021,https://boxd.it/tLOk
2023-03-31,Dasara,2023,https://boxd.it/xq4y
2023-03-31,John Wick,2014,https://boxd.it/7dEc
2023-04-05,83,2021,https://boxd.it/mbBg
2023-04-05,Toy Story 4,2019,https://boxd.it/9ALu
2023-04-05,Brand Babu,2018,https://boxd.it/jH6I
2023-04-05,Sammohanam,2018,https://boxd.it/jh4w
2023-04-05,Thaanaa Serndha Koottam,2018,https://boxd.it/fmzc
2023-04-05,Hello!,2017,https://boxd.it/hO2k
2023-04-05,Gautamiputra Satakarni,2017,https://boxd.it/fpMy
2023-04-05,Remo,2016,https://boxd.it/e9Pk
2023-04-05,Oopiri,2016,https://boxd.it/cPiy
2023-04-05,Pichaikkaran,2016,https://boxd.it/dkw2
2023-04-05,Cinema Chupista Maava,2015,https://boxd.it/cNEM
2023-04-05,Premam,2015,https://boxd.it/bod0
2023-04-05,The Perks of Being a Wallflower,2012,https://boxd.it/2ZA8
2023-04-05,Pilla Zamindar,2011,https://boxd.it/32sw
2023-04-05,Aayirathil Oruvan,2010,https://boxd.it/2hP4
2023-04-05,Avatar,2009,https://boxd.it/1Efm
2023-04-05,"Monsters, Inc.",2001,https://boxd.it/2a46
2023-04-05,No Smoking,2007,https://boxd.it/1b5W
2023-04-05,Mankatha,2011,https://boxd.it/2EwE
2023-04-05,Devullu,2000,https://boxd.it/9Ria
2023-04-05,Writer Padmabhushan,2023,https://boxd.it/EyIK
2023-04-05,Suicide Squad,2016,https://boxd.it/9row
2023-04-05,Drive,2011,https://boxd.it/IG
2023-04-05,Detective Byomkesh Bakshy!,2015,https://boxd.it/anzM
2023-04-05,Bajrangi Bhaijaan,2015,https://boxd.it/bIbo
2023-04-05,Shershaah,2021,https://boxd.it/m860
2023-04-05,Golconda High School,2011,https://boxd.it/2fcO
2023-04-05,Snehamante Idera,2001,https://boxd.it/9GKs
2023-04-05,Sisindri,1995,https://boxd.it/9RC0
2023-04-05,Nuvvu Vastavani,2000,https://boxd.it/4qca
2023-04-05,Ninne Premistha,2000,https://boxd.it/9Rxa
2023-04-05,Maari,2015,https://boxd.it/9ZFw
2023-04-05,Vivegam,2017,https://boxd.it/fAtC
2023-04-05,Lakshmi Kalyanam,2007,https://boxd.it/3UOc
2023-04-05,Maya,2015,https://boxd.it/cfLO
2023-04-05,M.S. Dhoni: The Untold Story,2016,https://boxd.it/dyem
2023-04-05,Kanchana,2011,https://boxd.it/2ygg
2023-04-05,Eeram,2009,https://boxd.it/7XS
2023-04-05,Sivalinga,2017,https://boxd.it/g7Va
2023-04-05,Demonte Colony,2015,https://boxd.it/bmNU
2023-04-05,Subash Chandra Bose,2005,https://boxd.it/8xWi
2023-04-05,Now You See Me,2013,https://boxd.it/2Bsu
2023-04-05,The Lion King,2019,https://boxd.it/eSjI
2023-04-05,Jumanji,1995,https://boxd.it/1ZLI
2023-04-05,Anjaam Pathiraa,2020,https://boxd.it/osoi
2023-04-05,12th Man,2022,https://boxd.it/vZta
2023-04-05,Oppam,2016,https://boxd.it/eegu
2023-04-05,Rarandoi Veduka Chudham,2017,https://boxd.it/gnXw
2023-04-05,Doctor G,2022,https://boxd.it/th9Q
2023-04-05,Article 15,2019,https://boxd.it/m0mO
2023-04-05,Badhaai Ho,2018,https://boxd.it/jZv2
2023-04-05,Bala,2019,https://boxd.it/liem
2023-04-05,Mumbai Police,2013,https://boxd.it/5LJQ
2023-04-05,Key,2011,https://boxd.it/hG6o
2023-04-05,Stand by Me Doraemon,2014,https://boxd.it/7VEK
2023-04-05,Doraemon: Nobita's Dinosaur,2006,https://boxd.it/2svO
2023-04-05,Doraemon: Nobita's Dorabian Nights,1991,https://boxd.it/5HFA
2023-04-05,Doraemon: Nobita and the Galaxy Super-express,1996,https://boxd.it/3B2y
2023-04-05,Doraemon: Nobita's Secret Gadget Museum,2013,https://boxd.it/6uNS
2023-04-05,Doraemon: Nobita and the Kingdom of Clouds,1992,https://boxd.it/4l4A
2023-04-05,Doraemon: Nobita's Little Star Wars,1985,https://boxd.it/52HU
2023-04-05,Doraemon: Nobita's Three Visionary Swordsmen,1994,https://boxd.it/52H6
2023-04-05,Ben 10: Destroy All Aliens,2012,https://boxd.it/3lEG
2023-04-05,Ben 10: Secret of the Omnitrix,2007,https://boxd.it/1Miy
2023-04-05,Cars,2006,https://boxd.it/29ho
2023-04-05,Krrish,2006,https://boxd.it/1gCw
2023-04-05,Pushpa: The Rise - Part 1,2021,https://boxd.it/pO3y
2023-04-05,Kantara,2022,https://boxd.it/wqK8
2023-04-06,Newton,2017,https://boxd.it/fBbO
2023-04-06,Zootopia,2016,https://boxd.it/84xS
2023-04-06,Virumaandi,2004,https://boxd.it/8tk
2023-04-07,Hereditary,2018,https://boxd.it/hNVe
2023-04-08,Bareilly Ki Barfi,2017,https://boxd.it/gJbY
2023-04-09,Eternal Sunshine of the Spotless Mind,2004,https://boxd.it/6YK
2023-04-09,Romancham,2023,https://boxd.it/ARRe
2023-04-10,John Wick: Chapter 3 – Parabellum,2019,https://boxd.it/gmFw
2023-04-10,Don Jon,2013,https://boxd.it/4sdk
2023-04-10,The Batman,2022,https://boxd.it/eDGs
2023-04-11,The Big Short,2015,https://boxd.it/ajZw
2023-04-11,The Nice Guys,2016,https://boxd.it/94Hg
2023-04-12,Kiss Kiss Bang Bang,2005,https://boxd.it/23c8
2023-04-12,The Hitman's Bodyguard,2017,https://boxd.it/dCmO
2023-04-12,Ludo,2020,https://boxd.it/ou2o
2023-04-12,Super 30,2019,https://boxd.it/jrkE
2023-04-12,Train to Busan,2016,https://boxd.it/dSQU
2023-04-14,Predestination,2014,https://boxd.it/6bJM
2023-04-14,The Intern,2015,https://boxd.it/7AOE
2023-04-14,When We First Met,2018,https://boxd.it/fn3G
2023-04-14,Guns Akimbo,2019,https://boxd.it/gkFu
2023-04-14,Little Women,2019,https://boxd.it/aSVk
2023-04-15,GoodFellas,1990,https://boxd.it/29FA
2023-04-17,The Banshees of Inisherin,2022,https://boxd.it/p7XS
2023-04-19,Passengers,2016,https://boxd.it/8lFu
2023-04-21,The BFG,2016,https://boxd.it/81cs
2023-04-22,Virupaksha,2023,https://boxd.it/D8xk
2023-04-27,Pencil,2016,https://boxd.it/7Qes
2023-05-05,Chi La Sow,2018,https://boxd.it/jGLA
2023-05-06,The Curious Case of Benjamin Button,2008,https://boxd.it/23Fk
2023-05-06,Guardians of the Galaxy Vol. 3,2023,https://boxd.it/fVNI
2023-05-09,Dunkirk,2017,https://boxd.it/d0Y6
2023-05-11,Magnolia,1999,https://boxd.it/2aze
2023-05-12,The Darjeeling Limited,2007,https://boxd.it/24as
2023-05-13,Driving Licence,2019,https://boxd.it/oquo
2023-05-14,Shaun of the Dead,2004,https://boxd.it/29J8
2023-05-14,Bad Genius,2017,https://boxd.it/ggpM
2023-05-15,Inglourious Basterds,2009,https://boxd.it/1JzG
2023-05-15,Nani's Gang Leader,2019,https://boxd.it/mDD0
2023-05-15,Luckunnodu,2017,https://boxd.it/fEMI
2023-05-16,The Tashkent Files,2019,https://boxd.it/lV6m
2023-05-16,Zombieland: Double Tap,2019,https://boxd.it/bgb6
2023-05-16,Air,2023,https://boxd.it/Arlc
2023-05-18,Yeto Vellipoyindhi Manasu,2012,https://boxd.it/4IRA
2023-05-19,Shazam!,2019,https://boxd.it/8WBu
2023-05-21,Rang De Basanti,2006,https://boxd.it/20KG
2023-05-23,The Shining,1980,https://boxd.it/29Nu
2023-05-23,The Prestige,2006,https://boxd.it/293w
2023-05-24,Mulholland Drive,2001,https://boxd.it/297o
2023-05-28,Kaun?,1999,https://boxd.it/4y6Y
2023-05-28,Zombieland,2009,https://boxd.it/1En6
2023-05-28,Bruce Almighty,2003,https://boxd.it/2aCC
2023-06-05,Black Swan,2010,https://boxd.it/Sw0
2023-06-09,Midnight in Paris,2011,https://boxd.it/i4a
2023-06-10,2018,2023,https://boxd.it/wKhA
2023-06-12,About Time,2013,https://boxd.it/43bI
2023-06-13,Ave Kallu,1967,https://boxd.it/9CgI
2023-06-14,Nayattu,2021,https://boxd.it/sjf0
2023-06-14,Pachuvum Athbhuthavilakkum,2023,https://boxd.it/uLqO
2023-06-15,Mail,2021,https://boxd.it/txS8
2023-06-15,Arjun Suravaram,2019,https://boxd.it/kLC6
2023-06-15,Petta,2019,https://boxd.it/jtnK
2023-06-15,Nannu Dochukunduvate,2018,https://boxd.it/k4TS
2023-06-15,Tik Tik Tik,2018,https://boxd.it/guH6
2023-06-15,Irumbu Thirai,2018,https://boxd.it/hykC
2023-06-15,Achari America Yatra,2018,https://boxd.it/ii4K
2023-06-15,Chal Mohan Ranga,2018,https://boxd.it/ipL2
2023-06-15,Awe!,2018,https://boxd.it/i4l8
2023-06-15,Arjun Reddy,2017,https://boxd.it/gYiq
2023-06-15,LIE,2017,https://boxd.it/gAaW
2023-06-15,Andhhagadu,2017,https://boxd.it/gsw6
2023-06-15,Life,2017,https://boxd.it/dRqG
2023-06-16,John Wick: Chapter 4,2023,https://boxd.it/mh48
2023-06-18,Midsommar,2019,https://boxd.it/jhxe
2023-06-24,Raanjhanaa,2013,https://boxd.it/5M1U
2023-06-26,October,2018,https://boxd.it/hUvi
2023-06-29,Whiplash,2014,https://boxd.it/7bQA
2023-06-30,Samajavaragamana,2023,https://boxd.it/D0xG
2023-07-01,The Grand Budapest Hotel,2014,https://boxd.it/3ZqO
2023-07-01,Escape Room,2019,https://boxd.it/iYlS
2023-07-02,Lady Bird,2017,https://boxd.it/dGNE
2023-07-03,Dune,2021,https://boxd.it/fA7G
2023-07-03,Pammal K. Sambandam,2002,https://boxd.it/8sG
2023-07-03,Sanju,2018,https://boxd.it/hTZm
2023-07-03,Toy Story 2,1999,https://boxd.it/29qq
2023-07-03,The Silence of the Lambs,1991,https://boxd.it/2aHW
2023-07-03,Orphan,2009,https://boxd.it/1CgM
2023-07-03,The Incredibles,2004,https://boxd.it/1XLm
2023-07-04,Cha Cha Real Smooth,2022,https://boxd.it/uF8E
2023-07-04,Good Night,2023,https://boxd.it/FgZA
2023-07-05,Aladdin,2019,https://boxd.it/eSjy
2023-07-05,Sherlock Holmes,2009,https://boxd.it/1W2A
2023-07-06,The 40 Year Old Virgin,2005,https://boxd.it/21hK
2023-07-06,Arrival,2016,https://boxd.it/aNGk
2023-07-08,Ready Player One,2018,https://boxd.it/aZes
2023-07-11,Gifted,2017,https://boxd.it/e5dG
2023-07-11,Bāhubali: The Beginning,2015,https://boxd.it/7y2y
2023-07-12,Frances Ha,2012,https://boxd.it/41Xg
2023-07-13,Dear Zindagi,2016,https://boxd.it/eAiM
2023-07-13,Other Side of the Box,2018,https://boxd.it/lXsa
2023-07-13,Balupu,2013,https://boxd.it/68jm
2023-07-13,Jaffa,2013,https://boxd.it/5wcs
2023-07-13,Mr.PelliKoduku,2013,https://boxd.it/6G20
2023-07-13,Talaash,2012,https://boxd.it/33ae
2023-07-13,Krishnam Vande Jagadgurum,2012,https://boxd.it/4F7Y
2023-07-13,Avunu,2012,https://boxd.it/5p8e
2023-07-13,Andala Rakshasi,2012,https://boxd.it/4R8k
2023-07-13,Nuvva Nena,2012,https://boxd.it/4qck
2023-07-13,Poola Rangadu,2012,https://boxd.it/3dUQ
2023-07-13,Ra.One,2011,https://boxd.it/ZbS
2023-07-13,Aha Naa Pellanta,2011,https://boxd.it/2eDE
2023-07-13,Mirapakay,2011,https://boxd.it/lZS
2023-07-13,Andari Bandhuvaya,2010,https://boxd.it/2P1C
2023-07-13,Leader,2010,https://boxd.it/sc4
2023-07-13,Villagelo Vinayakudu,2009,https://boxd.it/8H5I
2023-07-13,Eenadu,2009,https://boxd.it/AUKU
2023-07-15,Anbe Sivam,2003,https://boxd.it/1sU8
2023-07-16,Kaanekkaane,2021,https://boxd.it/wKiI
2023-07-16,Master,1997,https://boxd.it/8wUA
2023-07-16,12 Angry Men,1957,https://boxd.it/2auI
2023-07-16,Oldboy,2013,https://boxd.it/35AS
2023-07-17,Wake Up Sid,2009,https://boxd.it/1C8e
2023-07-17,Finding Nemo,2003,https://boxd.it/72i
2023-07-17,Pulp Fiction,1994,https://boxd.it/29Pq
2023-07-18,Iratta,2023,https://boxd.it/zELA
2023-07-18,Ready or Not,2019,https://boxd.it/kOf0
2023-07-19,Back to the Future,1985,https://boxd.it/2b8e
2023-07-19,Back to the Future Part II,1989,https://boxd.it/2aYI
2023-07-20,Ajab Prem Ki Ghazab Kahani,2009,https://boxd.it/1wUm
2023-07-20,Back to the Future Part III,1990,https://boxd.it/2aTS
2023-07-20,Scott Pilgrim vs. the World,2010,https://boxd.it/1Aq6
2023-07-20,It Chapter Two,2019,https://boxd.it/h10u
2023-07-21,Demolition,2015,https://boxd.it/9GuY
2023-07-22,Mission: Impossible,1996,https://boxd.it/29d2
2023-07-23,The Worst Person in the World,2021,https://boxd.it/oyws
2023-07-23,Maska,2009,https://boxd.it/2PJO
2023-07-23,King,2008,https://boxd.it/2pKm
2023-07-23,Bujjigaadu: Made in Chennai,2008,https://boxd.it/3Tvy
2023-07-23,Parugu,2008,https://boxd.it/1yNs
2023-07-23,Oppenheimer,2023,https://boxd.it/wUow
2023-07-24,Fall,2022,https://boxd.it/Bf6G
2023-07-24,Anaganaga Oka Roju,1997,https://boxd.it/14X8
2023-07-25,Zindagi Na Milegi Dobara,2011,https://boxd.it/efo
2023-07-27,Silver Linings Playbook,2012,https://boxd.it/2TTo
2023-07-28,Bhoot and Friends,2010,https://boxd.it/dSBg
2023-07-28,I Miss You,2023,https://boxd.it/G0I6
2023-07-29,2001: A Space Odyssey,1968,https://boxd.it/2bf0
2023-07-30,Raksha,2008,https://boxd.it/gpg0
2023-07-31,Memories of Murder,2003,https://boxd.it/1TSo
2023-07-31,Mission: Impossible III,2006,https://boxd.it/29cI
2023-08-01,Mission: Impossible – Ghost Protocol,2011,https://boxd.it/psI
2023-08-03,The Thing,1982,https://boxd.it/294O
2023-08-04,Coherence,2013,https://boxd.it/6xza
2023-08-04,Anand,2004,https://boxd.it/4Spc
2023-08-04,Prayanam,2009,https://boxd.it/2RNy
2023-08-04,Nenu Meeku Telusa...?,2008,https://boxd.it/2SBS
2023-08-04,Yavarum Nalam,2009,https://boxd.it/1Ekm
2023-08-04,Deyyam,1996,https://boxd.it/epnQ
2023-08-04,Siddu from Srikakulam,2008,https://boxd.it/2TDg
2023-08-04,Maayajaalam,2006,https://boxd.it/hwqS
2023-08-04,A Film by Aravind,2005,https://boxd.it/2Pne
2023-08-04,Dhairyam,2005,https://boxd.it/7Dyu
2023-08-04,Aa Naluguru,2004,https://boxd.it/1yAe
2023-08-04,Family Circus,2001,https://boxd.it/kcU0
2023-08-04,Gundamma Katha,1962,https://boxd.it/33lm
2023-08-04,April 1st Vidudala,1991,https://boxd.it/10EG
2023-08-04,Aa Okkati Adakku,1992,https://boxd.it/13B6
2023-08-04,Mister Pellam,1993,https://boxd.it/2F3e
2023-08-06,Babylon,2022,https://boxd.it/mM02
2023-08-06,Birdman or (The Unexpected Virtue of Ignorance),2014,https://boxd.it/5RFA
2023-08-06,Kotha Bangaru Lokam,2008,https://boxd.it/2S6U
2023-08-08,Spider-Man: Across the Spider-Verse,2023,https://boxd.it/kSz4
2023-08-11,"Crazy, Stupid, Love.",2011,https://boxd.it/D9A
2023-08-13,Por Thozhil,2023,https://boxd.it/GbJE
2023-08-14,Maaveeran,2023,https://boxd.it/Bktq
2023-08-16,Challenge,1984,https://boxd.it/8xDq
2023-08-16,The Edge of Seventeen,2016,https://boxd.it/d5nu
2023-08-16,Boyhood,2014,https://boxd.it/3178
2023-08-18,American Beauty,1999,https://boxd.it/71Y
2023-08-20,Superbad,2007,https://boxd.it/20hO
2023-08-21,Kshana Kshanam,1991,https://boxd.it/2PzY
2023-08-21,Veerappan,2016,https://boxd.it/e04Y
2023-08-23,L.A. Confidential,1997,https://boxd.it/27oC
2023-08-23,Before Sunrise,1995,https://boxd.it/2bcU
2023-08-25,Before Sunset,2004,https://boxd.it/2bcg
2023-09-03,Little Miss Sunshine,2006,https://boxd.it/29EW
2023-09-10,Miss. Shetty Mr. Polishetty,2023,https://boxd.it/DyTQ
2023-09-11,Jailer,2023,https://boxd.it/zkA8
2023-09-15,Normal People,2020,https://boxd.it/q2VY
2023-09-18,Schindler's List,1993,https://boxd.it/2aq2
2023-09-25,Bedurulanka 2012,2023,https://boxd.it/DVSG
2023-10-05,Adiyae!,2023,https://boxd.it/GjS0
2023-10-06,Cast Away,2000,https://boxd.it/20i8
2023-10-06,The Terminal,2004,https://boxd.it/2a2O
2023-10-07,The Wonderful Story of Henry Sugar,2023,https://boxd.it/yNyo
2023-10-07,Poison,2023,https://boxd.it/Is7Q
2023-10-07,Stalled,2022,https://boxd.it/D3na
2023-10-08,Jurassic Park,1993,https://boxd.it/2aA2
2023-10-08,Ex Machina,2015,https://boxd.it/7T2k
2023-10-08,Ghostbusters,1984,https://boxd.it/g2w
2023-10-09,Uncut Gems,2019,https://boxd.it/gXGc
2023-10-10,Requiem for a Dream,2000,https://boxd.it/29VI
2023-10-10,Children of Men,2006,https://boxd.it/1Y2i
2023-10-11,OMG 2,2023,https://boxd.it/xz6S
2023-10-12,The Revenant,2015,https://boxd.it/8H5e
2023-10-12,Hacksaw Ridge,2016,https://boxd.it/azew
2023-10-13,Being John Malkovich,1999,https://boxd.it/2ahu
2023-10-13,Squid Game,2021,https://boxd.it/x1OG
2023-10-13,Room,2015,https://boxd.it/7T0y
2023-10-15,The Hateful Eight,2015,https://boxd.it/8gw8
2023-10-15,Arunachalam,1997,https://boxd.it/8IE
2023-10-16,Defending Jacob,2020,https://boxd.it/q2VE
2023-10-16,Nocturnal Animals,2016,https://boxd.it/bkFu
2023-10-19,Apocalypto,2006,https://boxd.it/28yy
2023-10-20,Leo,2023,https://boxd.it/zOWS
2023-10-20,Karthik Calling Karthik,2010,https://boxd.it/1djw
2023-10-21,Bullet Train,2022,https://boxd.it/qW26
2023-10-23,Mad Max: Fury Road,2015,https://boxd.it/2DjO
2023-10-25,Abbaigaru,1993,https://boxd.it/8y0k
2023-10-25,Thappad,2020,https://boxd.it/oTrS
2023-10-25,Jojo Rabbit,2019,https://boxd.it/iEBG
2023-10-27,Before Midnight,2013,https://boxd.it/4ive
2023-10-30,Begin Again,2013,https://boxd.it/5Ybs
2023-10-30,D for Dopidi,2013,https://boxd.it/7rsa
2023-10-31,Punch-Drunk Love,2002,https://boxd.it/20E4
2023-11-01,Snatch,2000,https://boxd.it/2b7U
2023-11-05,Keedaa Cola,2023,https://boxd.it/BzHM
2023-11-05,Maa Oori Polimera 2,2023,https://boxd.it/IL1C
2023-11-08,The Place Beyond the Pines,2012,https://boxd.it/3mDu
2023-11-08,Trapped,2017,https://boxd.it/fj8i
2023-11-11,Hostel Hudugaru Bekagiddare,2023,https://boxd.it/Hprw
2023-11-11,The Killer,2023,https://boxd.it/u6WE
2023-11-11,Soodhu Kavvum,2013,https://boxd.it/5IRi
2023-11-11,Godavari,2006,https://boxd.it/2PDm
2023-11-12,Irugapatru,2023,https://boxd.it/EEGA
2023-11-13,Jigarthanda DoubleX,2023,https://boxd.it/C4xI
2023-11-13,Under the Banner of Heaven,2022,https://boxd.it/zMlA
2023-11-13,Into the Wild,2007,https://boxd.it/22m2
2023-11-16,Babel,2006,https://boxd.it/292o
2023-11-18,The Night Manager,2016,https://boxd.it/dsfS
2023-11-18,Udhayam NH4,2013,https://boxd.it/5FGm
2023-11-19,Chinatown,1974,https://boxd.it/29vU
2023-11-20,Aftersun,2022,https://boxd.it/Arw0
2023-11-21,Mystic River,2003,https://boxd.it/2aAG
2023-11-21,Saving Private Ryan,1998,https://boxd.it/29ro
2023-11-21,Easy A,2010,https://boxd.it/17DK
2023-11-22,Venom,2018,https://boxd.it/b8wA
2023-11-23,Ferris Bueller's Day Off,1986,https://boxd.it/1YPY
2023-11-23,Shiva Baby,2020,https://boxd.it/oIv0
2023-11-26,Ayyare,2012,https://boxd.it/3yyc
2023-11-26,The Town,2010,https://boxd.it/1zyS
2023-11-28,The Lighthouse,2019,https://boxd.it/icFU
2023-11-28,Tamasha,2015,https://boxd.it/bgLI
2023-11-29,Mean Girls,2004,https://boxd.it/1VNg
2023-11-29,Locke,2013,https://boxd.it/6hHC
2023-11-29,X,2022,https://boxd.it/sxVa
2023-11-30,Reservoir Dogs,1992,https://boxd.it/2agc
2023-12-01,Palm Springs,2020,https://boxd.it/lCXQ
2023-12-01,Chithha,2023,https://boxd.it/GbIc
2023-12-02,Animal,2023,https://boxd.it/toAu
2023-12-02,When Harry Met Sally...,1989,https://boxd.it/29W2
2023-12-04,Gladiator,2000,https://boxd.it/2b9m
2023-12-05,War Dogs,2016,https://boxd.it/9SlO
2023-12-06,Killers of the Flower Moon,2023,https://boxd.it/gHp0
2023-12-07,Lost in Translation,2003,https://boxd.it/2b0E
2023-12-08,Danger,2005,https://boxd.it/4iy8
2023-12-10,Hi Nanna,2023,https://boxd.it/Eqsa
2023-12-10,The Killing of a Sacred Deer,2017,https://boxd.it/dZ5G
2023-12-10,Scarface,1983,https://boxd.it/2b7g
2023-12-11,Friends: The Reunion,2021,https://boxd.it/pOQq
2023-12-12,The King of Comedy,1982,https://boxd.it/2aJS
2023-12-13,Leave the World Behind,2023,https://boxd.it/re0i
2023-12-13,Maniac,2018,https://boxd.it/jX9y
2023-12-14,Whiplash,2013,https://boxd.it/cJds
2023-12-14,Mahanati,2018,https://boxd.it/grck
2023-12-14,CIA: Comrade In America,2017,https://boxd.it/fCGy
2023-12-14,Primal Fear,1996,https://boxd.it/28ws
2023-12-15,Dhoomam,2023,https://boxd.it/CXVg
2023-12-15,Game Night,2018,https://boxd.it/fRtu
2023-12-15,World War Z,2013,https://boxd.it/2p2E
2023-12-16,Eyes Wide Shut,1999,https://boxd.it/2axs
2023-12-17,Chungking Express,1994,https://boxd.it/1UDa
2023-12-19,The Reader,2008,https://boxd.it/20Dq
2023-12-21,Sherlock Holmes: A Game of Shadows,2011,https://boxd.it/k3S
2023-12-22,Groundhog Day,1993,https://boxd.it/2b3e
2023-12-23,Death Note,2006,https://boxd.it/psEs
2023-12-23,Split,2016,https://boxd.it/dgSy
2023-12-23,Salaar: Part 1 - Ceasefire,2023,https://boxd.it/sYOU
2023-12-24,Unbreakable,2000,https://boxd.it/1XV2
2023-12-25,Triangle,2009,https://boxd.it/1tQG
2023-12-25,Home Alone,1990,https://boxd.it/29Fg
2023-12-26,Shithouse,2020,https://boxd.it/nCFc
2023-12-26,Me and Earl and the Dying Girl,2015,https://boxd.it/9SAE
2023-12-27,Mangalavaaram,2023,https://boxd.it/Floa
2023-12-27,Chef,2014,https://boxd.it/6lCG
2023-12-28,Home Alone 2: Lost in New York,1992,https://boxd.it/29F6
2023-12-29,The Hunger Games,2012,https://boxd.it/2uds
2023-12-30,Juice,2017,https://boxd.it/hTsi
2023-12-31,Parking,2023,https://boxd.it/Iyga
2024-01-01,12th Fail,2023,https://boxd.it/I1sM
2024-01-07,Society of the Snow,2023,https://boxd.it/y9aw
2024-01-10,Chekka Chivantha Vaanam,2018,https://boxd.it/idrO
2024-01-12,The Green Mile,1999,https://boxd.it/2agG
2024-01-13,Gravity,2013,https://boxd.it/GZY
2024-01-14,LKG,2019,https://boxd.it/j7aY
2024-01-14,Saltburn,2023,https://boxd.it/z4eg
2024-01-15,Dumb Money,2023,https://boxd.it/tNdU
2024-01-15,The Holdovers,2023,https://boxd.it/vHza
2024-01-16,Pride & Prejudice,2005,https://boxd.it/24u8
2024-01-17,Paterson,2016,https://boxd.it/cRk2
2024-01-19,Sleepless in Seattle,1993,https://boxd.it/29re
2024-01-20,Naanum Rowdydhaan,2015,https://boxd.it/ap8I
2024-01-26,Hanu-Man,2024,https://boxd.it/wNZ6
2024-01-28,You've Got Mail,1998,https://boxd.it/1Yye
2024-01-28,Aagadu,2014,https://boxd.it/9hV6
2024-01-28,Guntur Kaaram,2024,https://boxd.it/wLww
2024-02-04,Sapta Sagaradaache Ello - Side B,2023,https://boxd.it/IhOE
2024-02-04,Phone Booth,2002,https://boxd.it/285G
2024-02-08,Anasuya,2007,https://boxd.it/3PYw
2024-02-11,Sicario,2015,https://boxd.it/8i7u
2024-02-15,Battle of the Sexes,2017,https://boxd.it/cNxw
2024-02-19,Saba Nayagan,2023,https://boxd.it/GiBi
2024-02-22,A Quiet Place,2018,https://boxd.it/fVJQ
2024-02-23,A Quiet Place Part II,2020,https://boxd.it/iTx0
2024-02-24,Fargo,1996,https://boxd.it/2aHM
2024-02-25,The Secret Life of Walter Mitty,2013,https://boxd.it/3SWy
2024-02-26,Month of Madhu,2023,https://boxd.it/J3Kg
2024-02-26,Paisa,2013,https://boxd.it/7ESA
2024-02-28,Poor Things,2023,https://boxd.it/tNWU
2024-03-02,Dune: Part Two,2024,https://boxd.it/pUfA
2024-03-04,Searching,2018,https://boxd.it/hDPg
2024-03-05,Marriage Story,2019,https://boxd.it/hJAw
2024-03-06,Past Lives,2023,https://boxd.it/oNB8
2024-03-07,A Clockwork Orange,1971,https://boxd.it/2aVE
2024-03-08,Southpaw,2015,https://boxd.it/9Phu
2024-03-08,Gaami,2024,https://boxd.it/xt9G
2024-03-10,Merry Christmas,2024,https://boxd.it/xCn8
2024-03-10,Ambulance,2022,https://boxd.it/sFxg
2024-03-11,Badlapur,2015,https://boxd.it/avnO
2024-03-11,Brokeback Mountain,2005,https://boxd.it/2b2q
2024-03-13,The Gentlemen,2019,https://boxd.it/iYBQ
2024-03-13,Edge of Tomorrow,2014,https://boxd.it/4pD0
2024-03-14,Manchester by the Sea,2016,https://boxd.it/b2L0
2024-03-15,End of Watch,2012,https://boxd.it/2F5O
2024-03-16,Tropic Thunder,2008,https://boxd.it/20WM
2024-03-17,Heat,1995,https://boxd.it/2bg8
2024-03-22,Road House,2024,https://boxd.it/cdzQ
2024-03-25,Om Bheem Bush,2024,https://boxd.it/LxjI
2024-03-25,Scream,1996,https://boxd.it/24EC
2024-03-25,Prathinidhi,2014,https://boxd.it/85SM
2024-03-25,Burn After Reading,2008,https://boxd.it/23BW
2024-03-28,Godzilla,2014,https://boxd.it/47OE
2024-03-28,Wonka,2023,https://boxd.it/tCQm
2024-03-30,(Tillu)²,2024,https://boxd.it/DkCQ
2024-03-31,Sundaram Master,2024,https://boxd.it/LurE
2024-03-31,Stalin,2006,https://boxd.it/78y4
2024-04-02,Bombay,1995,https://boxd.it/1ugk
2024-04-02,Red Eye,2005,https://boxd.it/1TNy
2024-04-04,Parasite,2019,https://boxd.it/hTha
2024-04-05,Signs,2002,https://boxd.it/26t2
2024-04-06,Lover,2024,https://boxd.it/KhoK
2024-04-07,Manjummel Boys,2024,https://boxd.it/EtUc
2024-04-07,The Lord of the Rings: The Fellowship of the Ring,2001,https://boxd.it/2b5O
2024-04-09,The Lord of the Rings: The Two Towers,2002,https://boxd.it/2b5E
2024-04-10,I Am Legend,2007,https://boxd.it/21DG
2024-04-10,The Lord of the Rings: The Return of the King,2003,https://boxd.it/2b5u
2024-04-11,Check,2021,https://boxd.it/tGRo
2024-04-11,The Lord of the Rings,2003,https://boxd.it/2b5Y
2024-04-12,Premalu,2024,https://boxd.it/HuK4
2024-04-14,Instant Family,2018,https://boxd.it/hHpQ
2024-04-14,Rear Window,1954,https://boxd.it/2a6Q
2024-04-15,Annayum Rasoolum,2013,https://boxd.it/4T6g
2024-04-16,Sorry to Bother You,2018,https://boxd.it/f21E
2024-04-17,Good Time,2017,https://boxd.it/fcFu
2024-04-18,Charlie,2015,https://boxd.it/cV5q
2024-04-18,Moneyball,2011,https://boxd.it/glS
2024-04-19,Under the Skin,2013,https://boxd.it/3mDa
2024-04-20,English Vinglish,2012,https://boxd.it/3Weq
2024-04-20,Kumbalangi Nights,2019,https://boxd.it/l8wA
2024-04-20,"O Brother, Where Art Thou?",2000,https://boxd.it/2b3I
2024-04-21,Late Night with the Devil,2023,https://boxd.it/zo6G
2024-04-25,Monkey Man,2024,https://boxd.it/kvsO
2024-04-27,NH10,2015,https://boxd.it/aOPW
2024-04-28,Blade Runner 2049,2017,https://boxd.it/b8wK
2024-04-29,Love Lies Bleeding,2024,https://boxd.it/zN4q
2024-04-29,We're the Millers,2013,https://boxd.it/4srQ
2024-04-29,Lisa Frankenstein,2024,https://boxd.it/ByjY
2024-04-30,The Fall Guy,2024,https://boxd.it/s0Bm
2024-04-30,Tom and Jerry Blast Off to Mars!,2005,https://boxd.it/1CrA
2024-05-03,Under the Silver Lake,2018,https://boxd.it/dSAs
2024-05-04,Baby Reindeer,2024,https://boxd.it/MwSa
2024-05-09,Atomic Blonde,2017,https://boxd.it/blDk
2024-05-09,Aavesham,2024,https://boxd.it/F2fe
2024-05-11,The Ministry of Ungentlemanly Warfare,2024,https://boxd.it/u5zu
2024-05-12,Pisaasu,2014,https://boxd.it/9ZDK
2024-05-13,Aapadbandhavudu,1992,https://boxd.it/5uQK
2024-05-14,Godzilla Minus One,2023,https://boxd.it/zu4c
2024-05-15,Satya,1998,https://boxd.it/1BNq
2024-05-16,Panic Room,2002,https://boxd.it/2490
2024-05-18,The Game,1997,https://boxd.it/26vC
2024-05-19,Kodama Simham,1990,https://boxd.it/8utM
2024-05-20,Nayakan,1987,https://boxd.it/1meA
2024-05-20,Revolutionary Road,2008,https://boxd.it/24Le
2024-05-21,127 Hours,2010,https://boxd.it/SLa
2024-05-22,Geethanjali,1989,https://boxd.it/4I5c
2024-05-24,Challengers,2024,https://boxd.it/zld0
2024-05-26,Civil War,2024,https://boxd.it/z1jW
2024-05-27,Furiosa: A Mad Max Saga,2024,https://boxd.it/tABk
2024-05-27,1917,2019,https://boxd.it/jj4y
2024-05-27,The Witch,2015,https://boxd.it/9X0m
2024-05-28,Prasanna Vadanam,2024,https://boxd.it/MXNc
2024-05-29,I'm Thinking of Ending Things,2020,https://boxd.it/i4IQ
2024-05-30,Ammo! Okato Tareekhu,2000,https://boxd.it/fA4M
2024-05-30,It Follows,2014,https://boxd.it/87wo
2024-05-31,Bujji & Bhairava,2024,https://boxd.it/NvJo
2024-05-31,The Lotus Pond,2011,https://boxd.it/EaTE
2024-06-01,Dogville,2003,https://boxd.it/2a8W
2024-06-02,The Others,2001,https://boxd.it/27Po
2024-06-04,Lost Ladies,2023,https://boxd.it/I0mS
2024-06-05,A Man Called Otto,2022,https://boxd.it/zl06
2024-06-07,Brothers,2009,https://boxd.it/20WW
2024-06-08,Hit Man,2023,https://boxd.it/ANB2
2024-06-16,The Kid Detective,2020,https://boxd.it/r0qm
2024-06-19,Doctor Sleep,2019,https://boxd.it/i5vI
2024-06-22,Kramer vs. Kramer,1979,https://boxd.it/h0w
2024-06-22,Tetris,2023,https://boxd.it/rePK
2024-06-24,Mudhalvan,1999,https://boxd.it/7Zu
2024-06-24,One Flew Over the Cuckoo's Nest,1975,https://boxd.it/2aeA
2024-06-25,Saguni,2012,https://boxd.it/2fjg
2024-06-28,Kalki 2898-AD,2024,https://boxd.it/uaUM
2024-06-29,Sainikudu,2006,https://boxd.it/32ry
2024-06-29,Star Wars,1977,https://boxd.it/72s
2024-07-06,Monster,2023,https://boxd.it/DJEM
2024-07-07,10 Things I Hate About You,1999,https://boxd.it/23AO
2024-07-10,Escape from Pretoria,2020,https://boxd.it/i92q
2024-07-11,Hey Ram,2000,https://boxd.it/fGg
2024-07-13,The Hunt,2012,https://boxd.it/3wEC
2024-07-13,Maharaja,2024,https://boxd.it/GiAu
2024-07-15,Indian,1996,https://boxd.it/1iUM
2024-07-17,Ocean's Eleven,2001,https://boxd.it/2aZm
2024-07-21,The Goat Life,2024,https://boxd.it/gVZQ
2024-07-22,Kill,2023,https://boxd.it/HTqS
2024-07-24,Thittam Irandu,2021,https://boxd.it/wjlq
2024-07-24,Thegidi,2014,https://boxd.it/7BiE
2024-07-24,Hot Spot,2024,https://boxd.it/Mhr4
2024-07-26,X-Men: First Class,2011,https://boxd.it/FOA
2024-07-27,X-Men: Days of Future Past,2014,https://boxd.it/4aRw
2024-07-28,Deadpool & Wolverine,2024,https://boxd.it/jq8s
2024-07-28,Logan,2017,https://boxd.it/7Piy
2024-08-02,War of the Worlds,2005,https://boxd.it/2bde
2024-08-04,Jungle,2017,https://boxd.it/dCpo
2024-08-04,Atonement,2007,https://boxd.it/24ui
2024-08-07,Adaptation.,2002,https://boxd.it/26mA
2024-08-09,Aattam,2023,https://boxd.it/Aaws
2024-08-10,Kick-Ass,2010,https://boxd.it/1zaQ
2024-08-12,Twisters,2024,https://boxd.it/qV7a
2024-08-20,The Instigators,2024,https://boxd.it/E4jA
2024-08-29,Saripodhaa Sanivaaram,2024,https://boxd.it/Jkwq
2024-09-01,Do Aur Do Pyaar,2024,https://boxd.it/zTO0
2024-09-02,The Big Lebowski,1998,https://boxd.it/2b6C
2024-09-04,The Piano Teacher,2001,https://boxd.it/2886
2024-09-05,Baasha,1995,https://boxd.it/GVW
2024-09-05,8 A.M. Metro,2023,https://boxd.it/GpSK
2024-09-08,Phobia,2016,https://boxd.it/dZ6Y
2024-09-09,Aruvi,2016,https://boxd.it/eYdQ
2024-09-10,Trap,2024,https://boxd.it/D4nK
2024-09-11,The Greatest of All Time,2024,https://boxd.it/GIkW
2024-09-12,Surigadu,1992,https://boxd.it/QdPa
2024-09-13,Ace Ventura: Pet Detective,1994,https://boxd.it/25RW
2024-09-13,Crew,2024,https://boxd.it/DA96
2024-09-15,Escape from Alcatraz,1979,https://boxd.it/1Vwk
2024-09-15,Daddy,2001,https://boxd.it/8v3g
2024-09-16,Mathu Vadalara 2,2024,https://boxd.it/LAJY
2024-09-17,Vivarium,2019,https://boxd.it/gmVE
2024-09-26,Hot Fuzz,2007,https://boxd.it/2416
2024-09-28,Wolfs,2024,https://boxd.it/x6zG
2024-09-29,Nireekshana,1982,https://boxd.it/g2IK
2024-09-30,Meiyazhagan,2024,https://boxd.it/GYue
2024-10-03,Speak No Evil,2024,https://boxd.it/G9f8
2024-10-07,Swag,2024,https://boxd.it/LHmM
2024-10-08,Committee Kurrollu,2024,https://boxd.it/OE3o
2024-10-10,It's What's Inside,2024,https://boxd.it/DOV4
2024-10-14,The Substance,2024,https://boxd.it/zanS
2024-10-15,13 Going on 30,2004,https://boxd.it/1X6e
2024-10-18,Apoorva Sagodharargal,1989,https://boxd.it/8pi
2024-10-19,Caddo Lake,2024,https://boxd.it/wDSu
2024-10-20,The Descendants,2011,https://boxd.it/4Ba
2024-10-20,Raghu Thatha,2024,https://boxd.it/GOoA
2024-10-23,What You Wish For,2023,https://boxd.it/GByC
2024-10-24,CTRL,2024,https://boxd.it/Hmzi
2024-10-26,Woman of the Hour,2023,https://boxd.it/vuz2
2024-10-27,Among Us,2020,https://boxd.it/AusK
2024-10-27,35 - Chinna Katha Kaadu,2024,https://boxd.it/OK3a
2024-10-28,The Pursuit of Happyness,2006,https://boxd.it/28PE
2024-10-29,Smile,2022,https://boxd.it/xjfE
2024-10-30,Smile 2,2024,https://boxd.it/FDA4
2024-10-31,The Graduate,1967,https://boxd.it/18Im
2024-11-01,Lucky Baskhar,2024,https://boxd.it/L79s
2024-11-02,Lubber Pandhu,2024,https://boxd.it/FvlK
2024-11-02,Jennifer's Body,2009,https://boxd.it/1Efw
2024-11-10,A Different Man,2024,https://boxd.it/BoEC
2024-11-14,Vettaiyan,2024,https://boxd.it/FnTu
2024-11-14,Saturday Night,2024,https://boxd.it/Gpfo
2024-11-15,The Skin I Live In,2011,https://boxd.it/99A
2024-11-16,My Old Ass,2024,https://boxd.it/zLP0
2024-11-17,Fresh,2022,https://boxd.it/tCNi
2024-11-18,Notting Hill,1999,https://boxd.it/2aeK
2024-11-22,Kishkindha Kaandam,2024,https://boxd.it/CLOM
2024-11-23,Meda Meeda Abbayi,2017,https://boxd.it/h2XW
2024-12-01,Kandukondain Kandukondain,2000,https://boxd.it/2ha6
2024-12-04,We Live in Time,2024,https://boxd.it/FC5u
2024-12-04,The Vanishing,1988,https://boxd.it/1ZTW
2024-12-05,The Village,2004,https://boxd.it/21iS
2024-12-05,Pushpa 2 - The Rule,2024,https://boxd.it/wooY
2024-12-07,Don't Breathe,2016,https://boxd.it/9yzw
2024-12-07,Lars and the Real Girl,2007,https://boxd.it/21tG
2024-12-08,Golam,2024,https://boxd.it/KoIC
2024-12-12,The Man from Earth,2007,https://boxd.it/1Ql2
2024-12-13,I Saw the Devil,2010,https://boxd.it/FaK
2024-12-14,Mechanic Rocky,2024,https://boxd.it/FHW4
2024-12-14,The Impossible,2012,https://boxd.it/2N9k
2024-12-15,Bougainvillea,2024,https://boxd.it/IElg
2024-12-16,Zebra,2024,https://boxd.it/DckE
2024-12-17,Sookshmadarshini,2024,https://boxd.it/zRX0
2024-12-17,Heretic,2024,https://boxd.it/H1lY
2024-12-19,Anora,2024,https://boxd.it/Egcw
2024-12-19,Carry-On,2024,https://boxd.it/C0B2
2024-12-20,Red One,2024,https://boxd.it/vTBM
2024-12-21,KA,2024,https://boxd.it/Qacu
2024-12-24,Portrait of a Lady on Fire,2019,https://boxd.it/jkPq
2024-12-26,Mission: Impossible – Rogue Nation,2015,https://boxd.it/5rI4
2024-12-27,Mission: Impossible – Fallout,2018,https://boxd.it/bSVc
2024-12-28,The Lobster,2015,https://boxd.it/7tnw
2024-12-29,"Three Billboards Outside Ebbing, Missouri",2017,https://boxd.it/ceBS
2024-12-30,Anukokunda Oka Roju,2005,https://boxd.it/2P6W
2024-12-31,Juror #2,2024,https://boxd.it/FRwU
2025-01-02,Mysterious Skin,2004,https://boxd.it/1UsG
2025-01-03,The Guest,2014,https://boxd.it/76RS
2025-01-03,April Snow,2005,https://boxd.it/b0K
2025-01-04,Courier Boy Kalyan,2015,https://boxd.it/gjLw
2025-01-04,There Will Be Blood,2007,https://boxd.it/20Z2
2025-01-05,A Real Pain,2024,https://boxd.it/CjNG
2025-01-06,Breakdown,1997,https://boxd.it/27iE
2025-01-08,Manu,2018,https://boxd.it/jWL2
2025-01-09,Stree,2018,https://boxd.it/jrdI
2025-01-12,Katha,2009,https://boxd.it/EdZq
2025-01-12,Aithe,2003,https://boxd.it/a1hc
2025-01-13,F2: Fun and Frustration,2019,https://boxd.it/kMEi
2025-01-16,Stree 2,2024,https://boxd.it/G5Cs
2025-01-16,Mission: Impossible – Dead Reckoning,2023,https://boxd.it/l7zS
2025-01-17,Sankranthiki Vasthunam,2025,https://boxd.it/R9Dc
2025-01-18,Guy Ritchie's The Covenant,2023,https://boxd.it/xjcK
2025-01-21,Drive-Away Dolls,2024,https://boxd.it/A8vi
2025-01-21,Ammoru,1995,https://boxd.it/8GYi
2025-01-26,Blue Velvet,1986,https://boxd.it/29BI
2025-01-29,Black,2024,https://boxd.it/POYG
2025-01-30,Fractured,2019,https://boxd.it/kPL2
2025-01-30,Tom and Jerry: The Movie,1992,https://boxd.it/1Amo
2025-01-31,Amrutham Chandamama Lo,2014,https://boxd.it/8Ryg
2025-01-31,Vishaka Express,2008,https://boxd.it/8H5S
2025-02-01,Bowfinger,1999,https://boxd.it/1U3w
2025-02-01,Velaiyilla Pattathari,2014,https://boxd.it/7OWi
2025-02-02,Paiyaa,2010,https://boxd.it/13tc
2025-02-02,Prema,1989,https://boxd.it/8y2g
2025-02-03,Varumayin Niram Sivappu,1980,https://boxd.it/8iG
2025-02-03,10 Cloverfield Lane,2016,https://boxd.it/aZiu
2025-02-04,Forgotten,2017,https://boxd.it/hAJE
2025-02-04,Companion,2025,https://boxd.it/F04o
2025-02-06,The Spectacular Now,2013,https://boxd.it/4VSG
2025-02-06,Nymphomaniac: Vol. I,2013,https://boxd.it/7DiG
2025-02-08,Oldboy,2003,https://boxd.it/29R2
2025-02-11,"Synecdoche, New York",2008,https://boxd.it/23zw
2025-02-16,The Aviator,2004,https://boxd.it/26BU
2025-02-18,Gangs of New York,2002,https://boxd.it/25FG
2025-02-19,The Great Indian Kitchen,2023,https://boxd.it/xeQq
2025-02-19,Blood Diamond,2006,https://boxd.it/28Tm
2025-02-22,What Women Want,2000,https://boxd.it/24Sa
2025-03-02,Dragon,2025,https://boxd.it/Mxns
2025-03-09,The Gorge,2025,https://boxd.it/zRqK
2025-03-10,Snowpiercer,2013,https://boxd.it/3Icg
2025-03-12,Jarhead,2005,https://boxd.it/70m
2025-03-13,Kudumbasthan,2025,https://boxd.it/QiHK
2025-03-13,Full Metal Jacket,1987,https://boxd.it/2a1Q
2025-03-14,Wrath of Man,2021,https://boxd.it/nEia
2025-03-15,The Man from U.N.C.L.E.,2015,https://boxd.it/67lG
2025-03-16,Novocaine,2025,https://boxd.it/JmdA
2025-03-17,Mickey 17,2025,https://boxd.it/q1Dk
2025-03-18,Unhinged,2020,https://boxd.it/najM
2025-03-19,The Painted Veil,2006,https://boxd.it/1OyS
2025-03-21,Twelve Monkeys,1995,https://boxd.it/2beQ
2025-03-23,They Live,1988,https://boxd.it/20lm
2025-03-26,Adolescence,2025,https://boxd.it/TFGw
2025-04-01,Court - State Vs. A Nobody,2025,https://boxd.it/SHmm
