Date,Content
2023-04-12,https://boxd.it/1b7HI
2023-07-04,https://boxd.it/nklkk
2023-07-04,https://boxd.it/dcEdw
2023-07-16,https://boxd.it/7jLA
2023-07-20,https://boxd.it/myvhO
2023-07-20,https://boxd.it/8HjM
2023-07-20,https://boxd.it/m7k7k
2023-07-20,https://boxd.it/1qX2M
2023-07-20,https://boxd.it/mfEQU
2023-07-20,https://boxd.it/aZ1F8
2023-07-20,https://boxd.it/4XYnu
2023-07-20,https://boxd.it/GRJ4
2023-07-20,https://boxd.it/1Rhi
2023-07-20,https://boxd.it/Lb60
2023-07-20,https://boxd.it/2VQVG
2023-07-20,https://boxd.it/3UAXI
2023-07-20,https://boxd.it/nauE4
2023-07-20,https://boxd.it/bAS2M
2023-07-20,https://boxd.it/90Xuc
2023-07-20,https://boxd.it/2iOZo
2023-07-20,https://boxd.it/gxRg
2023-07-21,https://boxd.it/c8d1Q
2023-07-21,https://boxd.it/20dYM
2023-07-26,https://boxd.it/1Pqns
2023-07-27,https://boxd.it/nZkZy
2023-07-27,https://boxd.it/fSeHs
2023-08-02,https://boxd.it/1RH34
2023-08-03,https://boxd.it/Erlc
2023-08-03,https://boxd.it/MdHu
2023-08-03,https://boxd.it/2Qq4Q
2023-08-04,https://boxd.it/5DlkK
2023-08-06,https://boxd.it/48tSk
2023-08-06,https://boxd.it/3LpVy
2023-08-06,https://boxd.it/SnSk
2023-08-06,https://boxd.it/aDCoO
2023-08-06,https://boxd.it/beOAG
2023-08-16,https://boxd.it/8Iaa2
2023-08-16,https://boxd.it/bNyFK
2023-08-18,https://boxd.it/502LY
2023-08-18,https://boxd.it/2JIM
2023-08-20,https://boxd.it/4Z5K
2023-10-05,https://boxd.it/ewe1y
2023-10-05,https://boxd.it/V61u
2023-10-06,https://boxd.it/4t1IS
2023-10-06,https://boxd.it/avj0
2023-10-09,https://boxd.it/nVqt6
2023-10-11,https://boxd.it/3PS9m
2023-10-12,https://boxd.it/gjVMY
2023-10-13,https://boxd.it/2Dzwo
2023-10-13,https://boxd.it/hFc8
2023-10-13,https://boxd.it/1c0vW
2023-10-13,https://boxd.it/7o5KK
2023-10-29,https://boxd.it/nZrSk
2023-10-29,https://boxd.it/1nDOq
2023-11-01,https://boxd.it/7rGo
2023-11-01,https://boxd.it/1F0Q4
2023-11-01,https://boxd.it/1YPOw
2023-11-02,https://boxd.it/pDmkw
2023-11-05,https://boxd.it/JIWk
2023-11-12,https://boxd.it/2cApa
2023-11-22,https://boxd.it/5SNW
2023-11-22,https://boxd.it/2oWkU
2023-11-27,https://boxd.it/1dknA
2023-12-01,https://boxd.it/1Bb9M
2023-12-14,https://boxd.it/8E1q
2023-12-14,https://boxd.it/95RKo
2023-12-15,https://boxd.it/pbwrG
2023-12-17,https://boxd.it/2t9xg
2023-12-17,https://boxd.it/aayrQ
2023-12-19,https://boxd.it/8P2Hw
2024-02-25,https://boxd.it/bgmJa
2024-03-26,https://boxd.it/fzhcE
2024-03-28,https://boxd.it/pmVm4
2024-04-11,https://boxd.it/HW9i
2024-04-11,https://boxd.it/i7IgO
2024-04-16,https://boxd.it/u9pKM
2024-04-23,https://boxd.it/5n52y
2024-04-27,https://boxd.it/12xeY
2024-04-27,https://boxd.it/aepDQ
2024-05-18,https://boxd.it/233QE
2024-05-24,https://boxd.it/vxmyK
2024-05-31,https://boxd.it/bdmFw
2024-05-31,https://boxd.it/dI384
2024-06-04,https://boxd.it/1xiVq
2024-06-04,https://boxd.it/5n15I
2024-06-11,https://boxd.it/w9RSs
2024-06-16,https://boxd.it/17cL8
2024-06-22,https://boxd.it/gPEKK
2024-07-07,https://boxd.it/wHhQS
2024-08-04,https://boxd.it/cvE10
2024-12-14,https://boxd.it/vnR5k
2025-01-31,https://boxd.it/fwc1K
2025-03-15,https://boxd.it/EOLYI
2025-03-22,https://boxd.it/5lnYc
